연번,연도,작기,지역(도),시군,농가명,온실종류,온실유형,품목,품종,전체면적,식부면적,재식밀도,정식일,환경,생육,판매
1,2022,1,경기,여주,2,비닐,연동,가지,축양,390,350,9,2022-01-18,유,유,유
2,2022,1,경기,여주,3,비닐,연동,가지,오토킹(무수정가지),850,850,7.1,2022-01-03,유,유,유
3,2022,1,경기,여주,4,비닐,연동,가지,오토킹(무수정가지),850,850,7.1,2022-08-01,유,유,유
4,2022,1,경기,파주,1,비닐,연동,국화,화이트팝,900,900,6.7,2022-06-01,유,유,유
5,2022,1,경기,파주,2,비닐,연동,국화,화이트팝,2000,1600,8.8,2022-02-25,유,유,유
6,2022,1,경기,이천,3,비닐,연동,국화,포드,1500,660,7.7,2022-02-08,유,유,유
7,2022,2,경기,이천,3,비닐,연동,국화,포드,2200,1900,7.6,2022-07-13,유,유,유
8,2022,1,경기,이천,4,비닐,연동,국화,포드,700,650,6.5,2022-01-07,유,유,유
9,2022,2,경기,이천,4,비닐,연동,국화,포드,1070,1040,3.8,2022-06-01,유,유,유
10,2022,1,경기,안성,5,비닐,연동,국화,포드,450,400,7.5,2022-01-21,유,유,유
11,2022,2,경기,안성,5,비닐,연동,국화,포드,2220,2200,6.4,2022-01-15,유,유,유
12,2022,1,충북,보은,1,비닐,연동,딸기,설향,2220,2200,3.8,2022-07-28,유,유,유
13,2022,1,충북,옥천,2,비닐,단동,딸기,킹스베리,380,350,5.7,2022-03-23,유,유,유
14,2022,1,충북,옥천,3,비닐,연동,딸기,설향,800,800,7.5,2022-07-13,유,유,유
15,2022,1,충북,진천,4,비닐,단동,딸기,설향,500,380,3.4,2022-06-24,유,유,유
16,2022,1,충북,청주,5,비닐,단동,딸기,설향,3030,2000,6.4,2022-01-18,유,유,유
17,2022,1,충북,충주,6,비닐,연동,딸기,설향,3020,2000,4.2,2022-08-01,유,유,유
18,2022,1,충남,예산,7,비닐,연동,딸기,설향,1100,1100,7.1,2022-07-13,유,유,유
19,2022,1,충남,예산,9,비닐,단동,딸기,설향,1350,1270,5.5,2022-10-20,유,유,유
20,2022,1,충남,부여,10,비닐,단동,딸기,설향,2400,2400,4.6,2022-10-23,유,유,유
21,2022,1,충남,홍성,11,비닐,단동,딸기,설향,1000,450,6.7,2022-03-06,유,유,유
22,2022,1,충남,공주,12,비닐,단동,딸기,설향,380,350,5.7,2022-06-13,유,유,유
23,2022,1,충남,예산,13,비닐,단동,딸기,설향,800,800,7.5,2022-05-01,유,유,유
24,2022,1,충남,예산,14,비닐,단동,딸기,설향,800,800,5.6,2022-06-15,유,유,유
25,2022,1,충남,논산,15,비닐,연동,딸기,킹스베리,800,800,5.6,2022-10-18,유,유,유
26,2022,1,충남,홍성,16,비닐,단동,딸기,설향,1500,1450,6,2022-05-13,유,유,유
27,2022,1,전북,김제,18,비닐,연동,딸기,금실,1200,1000,6,2022-10-25,유,유,유
28,2022,1,전북,김제,19,비닐,연동,딸기,금실,900,800,6,2022-03-08,유,유,유
29,2022,1,전북,김제,20,비닐,연동,딸기,금실,875,800,6.1,2022-08-25,유,유,유
30,2022,1,전북,김제,21,비닐,연동,딸기,금실,1250,1200,4.6,2022-01-17,유,유,유
31,2022,1,전북,남원,22,비닐,연동,딸기,설향,450,450,5.1,2022-09-02,유,유,유
32,2022,1,전북,남원,23,비닐,연동,딸기,설향,1250,1200,4.6,2022-11-05,유,유,유
33,2022,1,전북,김제,24,비닐,연동,딸기,설향,3085,2800,4.7,2022-01-20,유,유,유
34,2022,1,전북,부안,25,비닐,벤로형,딸기,설향,2085,1800,5.6,2022-08-13,유,유,유
35,2022,1,전남,보성,26,비닐,단동,딸기,설향,2000,2000,158,2022-02-26,유,유,유
36,2022,1,전남,장성,27,비닐,단동,딸기,설향,1300,1300,160,2022-02-12,유,유,유
37,2022,1,전남,화순,28,비닐,연동,딸기,설향,1200,1100,201.8,2022-03-19,유,유,유
38,2022,1,전남,보성,29,비닐,단동,딸기,설향,1200,1100,204.5,2022-07-16,유,유,유
39,2022,1,전남,신안,30,비닐,연동,딸기,설향,1000,700,194.3,2022-01-10,유,유,유
40,2022,1,전남,화순,31,비닐,연동,딸기,설향,1000,700,194.3,2022-05-03,유,유,유
41,2022,1,전남,담양,32,비닐,단동,딸기,금실,260,260,153.8,2022-02-23,유,유,유
42,2022,1,전남,화순,33,비닐,연동,딸기,설향,260,260,153.8,2022-07-09,유,유,유
43,2022,1,전남,장성,34,비닐,연동,딸기,설향,1600,1300,6.2,2022-07-10,유,유,유
44,2022,1,전남,강진,35,비닐,단동,딸기,설향,1500,1500,6,2022-08-23,유,유,유
45,2022,1,전남,화순,36,비닐,연동,딸기,설향,2000,1970,4.6,2022-07-26,유,유,유
46,2022,1,전남,화순,37,비닐,연동,딸기,설향,2700,2400,6.3,2022-07-18,유,유,유
47,2022,1,전남,담양,38,비닐,단동,딸기,금실,3600,3400,7.7,2022-04-12,유,유,유
48,2022,1,경북,영주,39,비닐,연동,딸기,설향,1000,1000,5.4,2022-03-16,유,유,유
49,2022,1,경남,산청,40,비닐,연동,딸기,설향,1700,1600,8.4,2022-04-08,유,유,유
50,2022,1,경남,진주,41,비닐,연동,딸기,금실,2100,2000,6.7,2022-04-15,유,유,유
51,2022,1,경남,진주,42,비닐,단동,딸기,금실,10300,9600,7.5,2022-01-15,유,유,유
52,2022,1,경남,산청,43,비닐,단동,딸기,금실,2400,2400,5,2022-03-17,유,유,유
53,2022,1,경남,진주,44,비닐,연동(광폭),딸기,설향,2800,2500,8,2022-04-14,유,유,유
54,2022,1,경기,평택,1,비닐,연동,방울토마토,샤방샤방,8200,7600,12,2021-12-17,유,유,유
55,2022,1,경기,평택,2,비닐,연동,방울토마토,유니콘,5600,5400,10,2022-03-09,유,유,유
56,2022,1,경기,평택,3,비닐,연동,방울토마토,노나리,5000,4408.3,6.4,2022-01-27,유,유,유
57,2022,2,경기,평택,3,비닐,연동,방울토마토,웰빙플러스,750,750,33.9,2022-09-04,유,유,유
58,2022,1,경기,평택,5,비닐,연동,방울토마토,굿모닝,6500,6000,10,2022-03-15,유,유,유
59,2022,1,경기,화성,6,비닐,연동,방울토마토,미니찰대추방울토마토,1200,1100,9.2,2022-03-23,유,유,유
60,2022,1,경기,평택,7,비닐,연동,방울토마토,노나리,3600,3500,7,2022-03-07,유,유,유
61,2022,2,경기,평택,7,비닐,연동,방울토마토,ty웰빙,4000,3600,8.5,2021-11-20,유,유,유
62,2022,1,경기,평택,8,비닐,연동,방울토마토,굿모닝,1500,1400,10.1,2022-04-10,유,유,유
63,2022,1,충북,보은,9,비닐,연동,방울토마토,sv7160,4200,4000,9.3,2022-03-20,유,유,유
64,2022,2,충북,보은,9,비닐,연동,방울토마토,sv7160,4000,3600,8.5,2022-04-21,유,유,유
65,2022,1,충북,진천,10,비닐,연동,방울토마토,대추방울토마토(하이큐/아이템),1700,1600,12.4,2022-02-14,유,유,유
66,2022,2,충북,진천,10,비닐,연동,방울토마토,하이큐/아이템,4000,3600,8.5,2022-08-12,유,유,유
67,2022,1,충북,충주,11,비닐,단동,방울토마토,대추방울토마토(홀리데이),4300,4000,10.5,2022-02-07,유,유,유
68,2022,2,충북,충주,11,비닐,단동,방울토마토,홀리데이,2100,1400,7,2021-12-19,유,유,유
69,2022,1,충북,진천,12,비닐,단동,방울토마토,베타티닉,4200,4000,9.4,2022-03-12,유,유,유
70,2022,2,충북,진천,12,비닐,단동,방울토마토,베타티닉,2100,1400,7,2022-08-05,유,유,유
71,2022,2,충북,충주,13,비닐,연동,방울토마토,브라보,1200,1100,7.7,2022-10-10,유,유,유
72,2022,1,충남,부여,14,비닐,연동,방울토마토,골드찬스,9000,8800,11.6,2022-01-08,유,유,유
73,2022,2,충남,부여,14,비닐,연동,방울토마토,노나리,1240,1200,7.2,2021-12-15,유,유,유
74,2022,1,충남,부여,15,비닐,단동,방울토마토,노나리,6000,5400,10,2022-03-07,유,유,유
75,2022,1,충남,부여,16,비닐,단동,방울토마토,더하드,5000,4700,10.8,2022-02-22,유,유,유
76,2022,1,충남,예산,17,비닐,연동,방울토마토,미니찰,1800,1800,7,2021-10-31,유,유,유
77,2022,2,충남,예산,17,비닐,연동,방울토마토,쿨,3400,2700,9,2021-12-15,유,유,유
78,2022,1,충남,부여,18,비닐,연동,방울토마토,노나리,1800,1800,6.1,2022-10-01,유,유,유
79,2022,1,충남,부여,19,비닐,연동,방울토마토,노나리,1200,1200,8.4,2022-01-17,유,유,유
80,2022,1,충남,부여,20,비닐,연동,방울토마토,노나리,1200,1200,10,2022-07-30,유,유,유
81,2022,1,전북,정읍,21,비닐,연동,방울토마토,더하드,1050,1000,3.7,2022-01-11,유,유,유
82,2022,2,전북,정읍,21,비닐,연동,방울토마토,더하드,6700,6600,10.9,2022-07-29,유,유,유
83,2022,1,전북,완주,22,비닐,연동,방울토마토,베타티니,1800,1000,3.5,2022-08-04,유,유,유
84,2022,2,전북,완주,22,비닐,연동,방울토마토,베타티니,4200,1200,9,2022-09-12,유,유,유
85,2022,1,전북,김제,23,비닐,연동,방울토마토,대장금,7000,7000,9.2,2021-12-11,유,유,유
86,2022,2,전북,김제,23,비닐,연동,방울토마토,대장금,900,800,27,2022-09-07,유,유,유
87,2022,1,전남,화순,24,비닐,연동,방울토마토,베타티니,7000,7000,9.3,2022-07-11,유,유,유
88,2022,1,전남,화순,25,비닐,연동,방울토마토,베스트꿀,3000,1800,8.3,2022-09-07,유,유,유
89,2022,2,전남,화순,25,비닐,연동,방울토마토,노나리,13476,12000,24.4,2022-08-29,유,유,유
90,2022,1,전남,화순,27,비닐,연동,방울토마토,베타티니/란돌리노,2400,1250,26,2022-09-21,유,유,유
91,2022,1,전남,화순,28,비닐,연동,방울토마토,베타티니,1100,1100,22.7,2022-09-09,유,유,유
92,2022,1,전남,화순,29,비닐,연동,방울토마토,310,8000,1600,31,2022-08-28,유,유,유
93,2022,1,전남,보성,30,비닐,연동,방울토마토,홀리데이,1250,1250,28,2022-09-04,유,유,유
94,2022,1,경기,안성,1,비닐,단동,오이,청미래,900,800,24,2022-09-09,유,유,유
95,2022,2,경기,안성,1,비닐,단동,오이,스마일,2000,1800,8.8,2022-12-05,유,유,유
96,2022,1,경기,안성,2,비닐,단동,오이,스마일,1000,800,33.7,2022-09-12,유,유,유
97,2022,1,경기,김포,3,비닐,연동,오이,굿모닝,600,600,36,2022-09-15,유,유,유
98,2022,1,경기,평택,5,비닐,연동,오이,굿모닝,1600,1400,27,2022-09-03,유,유,유
99,2022,1,경기,안성,6,비닐,연동,오이,신세대,1800,1700,26.7,2022-09-10,유,유,유
100,2022,2,경기,안성,6,비닐,연동,오이,스마일,1200,900,7.8,2022-12-30,유,유,유
101,2022,1,경기,평택,7,비닐,연동,오이,청어람,1880,1380,26,2022-09-15,유,유,유
102,2022,2,경기,평택,7,비닐,연동,오이,청어람,2400,2000,7,2022-08-08,유,유,유
103,2022,1,경기,안성,8,비닐,단동,오이,스마일,1000,850,8.2,2022-08-01,유,유,유
104,2022,1,경기,평택,9,비닐,연동,오이,아파치,1500,1200,7.7,2022-09-16,유,유,유
105,2022,2,경기,평택,9,비닐,연동,오이,하이탑,2400,2000,7,2022-12-05,유,유,유
106,2022,1,경기,오산,10,비닐,연동,오이,스마일,1350,1200,9.3,2022-08-29,유,유,유
107,2022,2,경기,오산,10,비닐,연동,오이,스마일,1000,900,30,2022-09-12,유,유,유
108,2022,1,경기,오산,11,비닐,연동,오이,굿모닝,3000,2700,10.4,2022-08-01,유,유,유
109,2022,1,경기,평택,12,비닐,단동,오이,굿모닝,3600,3350,8.7,2022-08-02,유,유,유
110,2022,1,경북,상주,13,비닐,연동,오이,한강맛,1800,1600,8.1,2022-08-20,유,유,유
111,2022,1,경북,상주,14,비닐,연동,오이,한강맛,1900,1700,10,2022-08-19,유,유,유
112,2022,1,경북,상주,15,비닐,연동,오이,한강맛,2000,1800,8.3,2022-08-01,유,유,유
113,2022,2,경기,광주,1,비닐,연동,완숙토마토,수퍼탑,3150,3000,11.3,2022-08-12,유,유,유
114,2022,1,경기,광주,2,비닐,연동,완숙토마토,엘리제,2500,2000,35,2022-09-10,유,유,유
115,2022,1,경기,오산,3,비닐,연동,완숙토마토,레드칸,1500,1300,36,2022-09-19,유,유,유
116,2022,2,경기,오산,3,비닐,연동,완숙토마토,레드칸,4300,4000,8,2022-08-13,유,유,유
117,2022,1,경기,평택,4,비닐,연동,완숙토마토,토리,1000,900,50,2022-09-13,유,유,유
118,2022,1,경기,평택,5,비닐,연동,완숙토마토,TY자이언츠,1200,800,25,2022-09-09,유,유,유
119,2022,1,경기,고양,6,비닐,연동,완숙토마토,오드랑,1200,1000,30,2022-09-10,유,유,무
120,2022,1,경기,광주,7,비닐,연동,완숙토마토,도태랑다이아 ,1530,1400,27.9,2022-09-15,유,유,무
121,2022,1,경기,광주,8,비닐,연동,완숙토마토,도태랑플러스,2160,2100,8.4,2022-09-01,유,유,유
122,2022,1,강원,평창,9,비닐,연동양액,완숙토마토,토미킹,3000,800,8,2022-11-18,유,유,유
123,2022,1,강원,화천,10,비닐,연동양액,완숙토마토,깜빠리,800,700,8.7,2022-07-28,유,유,유
124,2022,1,강원,철원,11,비닐,연동양액,완숙토마토,올레드,3200,3000,9,2022-09-04,유,유,유
125,2022,1,강원,평창,12,비닐,연동양액,완숙토마토,레드칸,2600,2400,7.5,2022-09-04,유,유,유
126,2022,1,강원,평창,13,비닐,연동양액,완숙토마토,토미킹,975,750,8,2022-09-30,유,유,유
127,2022,1,강원,화천,14,비닐,연동양액,완숙토마토,깜빠리,1100,1000,6,2022-08-10,유,유,유
128,2022,1,강원,평창,15,비닐,연동양액,완숙토마토,아마존,700,650,7.6,2023-02-18,유,유,유
129,2022,1,전북,완주,16,비닐,연동,완숙토마토,데이로스,1800,1700,8.2,2022-08-10,유,유,유
130,2022,1,전북,김제,17,비닐,연동,완숙토마토,레드250,4300,4000,8.7,2022-07-27,유,유,유
131,2022,1,전북,익산,18,비닐,연동,완숙토마토,테슬라,2060,2000,10,2022-08-08,유,유,유
132,2022,1,전북,익산,19,비닐,연동,완숙토마토,스타벅,1830,1600,10,2022-05-16,유,유,유
133,2022,1,전북,김제,20,비닐,연동,완숙토마토,레드킬,1830,1600,10,2022-10-03,유,유,유
134,2022,1,전북,정읍,21,비닐,연동,완숙토마토,시그마,3452,3000,10,2022-01-08,유,유,유
135,2022,1,전북,김제,22,비닐,연동,완숙토마토,데프니스,2100,2000,9,2022-08-19,유,유,유
136,2022,1,전남,보성,23,유리,연동,완숙토마토,멀리스,1400,1200,10,2022-08-08,유,유,유
137,2022,1,전남,화순,24,비닐,연동,완숙토마토,마토305,1400,1200,10,2022-12-26,유,유,유
138,2022,1,전남,화순,25,비닐,연동,완숙토마토,TY 트러스트,1200,1000,8,2022-05-16,유,유,유
139,2022,1,전남,장흥,26,비닐,연동,완숙토마토,데프니스,1200,1000,8,2022-09-07,유,유,유
140,2022,1,전남,보성,27,비닐,연동,완숙토마토,데프니스,1821,1400,10,2022-09-07,유,유,유
141,2022,1,전남,보성,28,비닐,연동,완숙토마토,토미킹,800,600,27.8,2022-09-15,유,유,유
142,2022,1,전남,보성,29,비닐,연동,완숙토마토,데프니스,1700,1200,27.5,2022-09-11,유,유,유
143,2022,1,전남,고흥,30,비닐,연동,완숙토마토,레드244,1800,1500,30,2022-09-13,유,유,유
144,2022,1,전남,담양,31,비닐,연동,완숙토마토,파워플러스,800,600,22.5,2022-09-08,유,유,유
145,2022,1,전남,화순,32,유리,연동,완숙토마토,TY 트러스트,650,600,30,2022-09-17,유,유,유
146,2022,1,경북,상주,33,비닐,연동,완숙토마토,핑크원,1250,1200,27,2022-09-21,유,유,유
147,2022,1,경남,사천,34,비닐,연동,완숙토마토,레드칸,920,200,30,2022-10-03,유,유,무
148,2022,1,경남,사천,35,비닐,연동,완숙토마토,TSMAX,1000,1000,27.5,2022-09-19,유,유,유
149,2022,1,경남,사천,36,비닐,연동,완숙토마토,레드칸,3300,2200,20,2022-09-17,유,유,유
150,2022,1,경남,사천,37,비닐,연동,완숙토마토,레드칸,2000,1500,24.6,2022-09-04,유,유,무
151,2022,1,경남,함안,38,비닐,연동,완숙토마토,TSMAX,2760,2400,29.2,2022-09-15,유,유,유
152,2022,1,경남,창녕,39,비닐,단동,완숙토마토,자이언트,2900,2400,29.2,2022-09-13,유,유,유
153,2022,1,경남,사천,40,비닐,연동,완숙토마토,스칼레토,900,600,30,2022-09-07,유,유,유
154,2022,1,경남,함안,41,비닐,연동,완숙토마토,더마테,1700,1700,7.3,2022-08-25,유,유,유
155,2022,1,경남,김해,42,비닐,연동,완숙토마토,레드칸,3200,3000,10.6,2022-09-15,유,유,유
156,2022,1,경남,사천,43,비닐,연동,완숙토마토,레드칸,4800,4800,10,2022-08-05,유,유,무
157,2022,1,경남,사천,44,비닐,광폭,완숙토마토,레드칸,7500,7000,12,2022-08-24,유,유,무
158,2022,1,경남,창녕,45,비닐,연동,완숙토마토,TY트러스트,1700,1500,9.6,2022-09-01,유,유,유
159,2022,1,경북,성주,1,비닐 ,단동,참외,강찬꿀,810,810,20.5,2022-09-23,유,유,유
160,2022,1,경북,성주,2,비닐 ,단동,참외,스마트플러스,3000,2800,8.2,2022-10-06,유,유,유
161,2022,1,경북,성주,3,비닐 ,단동,참외,스마트플러스,2100,1970,8.6,2022-10-16,유,유,유
162,2022,1,경북,성주,4,비닐 ,단동,참외,알찬꿀,2800,2000,8.2,2022-11-03,유,유,유
163,2022,1,경북,성주,5,비닐 ,단동,참외,바른꿀,3500,3400,1.7,2022-11-30,유,유,유
164,2022,1,경북,성주,6,비닐 ,단동,참외,강찬꿀,7500,6000,1.8,2022-12-10,유,유,유
165,2022,1,경북,칠곡,7,비닐 ,단동,참외,알찬꿀,4400,3600,1.8,2022-11-27,유,유,유
166,2022,1,경북,성주,8,비닐 ,단동,참외,알찬꿀,4000,3500,1.7,2022-11-16,유,유,유
167,2022,1,경북,칠곡,9,비닐 ,단동,참외,스마트 플러스,4000,3000,1.9,2022-12-13,유,유,유
168,2022,1,경북,성주,10,비닐 ,단동,참외,알찬꿀/슈퍼사이교,5000,4800,1.4,2022-12-13,유,유,유
169,2022,1,경북,성주,11,비닐 ,단동,참외,슈퍼 매직토좌,3000,2000,1.9,2022-12-11,유,유,유
170,2022,1,경북,성주,12,비닐 ,단동,참외,알찬꿀/강찬,9000,7500,1.2,2022-12-20,유,유,유
171,2022,1,경북,성주,13,비닐 ,단동,참외,스마트꿀,5500,3800,1.7,2022-12-13,유,유,유
172,2022,1,경북,성주,14,비닐 ,단동,참외,강찬꿀,6000,6000,1.8,2022-12-22,유,유,유
173,2022,1,경북,성주,15,비닐 ,단동,참외,알찬꿀,2850,2565,1.8,2022-11-28,유,유,유
174,2022,1,경북,성주,16,비닐 ,단동,참외,알찬꿀,3600,3400,1.5,2022-11-20,유,유,유
175,2022,1,경북,성주,17,비닐 ,단동,참외,알찬꿀/강찬,8500,8100,2,2022-12-10,유,유,유
176,2022,1,경북,성주,18,비닐 ,단동,참외,은하수,6700,6500,1.4,2022-12-07,유,유,유
177,2022,1,경북,성주,19,비닐 ,단동,참외,강찬꿀,4050,3800,1.5,2022-12-08,유,유,유
178,2022,1,경북,성주,20,비닐 ,단동,참외,미리내,7000,6800,1.9,2022-12-14,유,유,유
179,2022,1,경북,성주,21,비닐 ,단동,참외,은하수,8500,7000,2.1,2022-12-22,유,유,유
180,2022,1,강원,평창,1,비닐,연동양액,파프리카,키씨,10000,9500,1.6,2022-12-19,유,유,유
181,2022,1,강원,철원,2,비닐,연동양액,파프리카,마데라,6000,5800,2,2022-12-16,유,유,유
182,2022,1,강원,인제,3,비닐,연동양액,파프리카,비날레스,7000,6950,1.6,2022-11-25,유,유,유
183,2022,1,강원,인제,4,비닐,연동양액,파프리카,키씨,2900,2900,2.3,2022-12-03,유,유,유
184,2022,1,강원,철원,5,비닐,연동양액,파프리카,올라운더,1800,1400,5.3,2022-09-26,유,유,유
185,2022,1,강원,철원,6,비닐,연동양액,파프리카,올라운더,1800,1300,9.2,2022-08-20,유,유,유
186,2022,1,강원,철원,7,비닐,연동양액,파프리카,볼리다노,1000,900,7.9,2022-08-02,유,유,유
187,2022,1,강원,철원,8,비닐,연동양액,파프리카,코지,1000,450,7.8,2023-01-11,유,유,유
188,2022,1,강원,철원,9,비닐,연동양액,파프리카,볼리다노,1200,1000,7.3,2022-08-12,유,유,유
189,2022,1,강원,평창,10,비닐,연동양액,파프리카,시로코,2500,2360,9.2,2022-08-18,유,유,유
190,2022,1,강원,인제,11,비닐,연동양액,파프리카,나가노,1200,1150,7.8,2022-11-16,유,유,유
191,2022,1,강원,철원,12,비닐,연동양액,파프리카,비날레스,1200,1000,7.2,2022-08-05,유,유,유
192,2022,1,강원,평창,13,비닐,연동양액,파프리카,마차이,3200,2800,7.5,2022-09-11,유,유,유
193,2022,1,강원,철원,14,비닐,연동양액,파프리카,마데라,1800,1700,8.1,2022-08-13,유,유,유
194,2022,1,강원,평창,15,비닐,연동양액,파프리카,볼란테,2800,2200,6.4,2022-09-25,유,유,유
195,2022,1,전남,영광,16,비닐,연동,파프리카,볼란테,3000,2100,6.4,2022-09-29,유,유,유
196,2022,1,전남,장흥,17,비닐,연동,파프리카,레드마운틴/옐로우마운틴,1900,1800,7.1,2022-10-19,유,유,유
197,2022,1,전남,장흥,18,비닐,연동,파프리카,볼란테,3600,2800,30,2022-07-15,유,유,유
198,2022,1,전남,화순,19,비닐,연동,파프리카,마차이,900,900,24.4,2022-09-07,유,유,유
199,2022,1,경남,진주,23,비닐,연동,파프리카,지나,6000,5200,10.9,2022-08-07,유,유,유
200,2022,1,경남,고성,24,비닐,연동,파프리카,나가노/모르피델리,3200,3000,11.7,2022-08-02,유,유,유
201,2022,1,경남,창원,25,비닐,연동,파프리카,시로코,2150,2000,12.3,2022-07-28,유,유,유
202,2022,1,경남,고성,26,비닐,연동,파프리카,나가노/모르피델리,5000,4200,11.7,2022-07-28,유,유,유
203,2022,1,경남,김해,27,비닐,연동,파프리카,볼리다노/나가노,3900,3800,9.2,2022-08-05,유,유,유
204,2022,1,경남,의령,28,비닐,연동,파프리카,나가노/모르피델리,5000,4500,10.4,2022-08-15,유,유,유
205,2022,1,경남,함안,29,비닐,연동,파프리카,나가노,5100,2700,11.3,2022-07-14,유,유,유
206,2022,1,경남,고성,30,비닐,연동,파프리카,비날레스/DSP7054/나가노/제래미,9000,8500,10.8,2022-09-01,유,유,유
