Model,Fold,R2,RMSE,MAE
RandomForest,1,0.45358326562733453,0.052740594029558156,0.0356779860178616
RandomForest,2,0.4197695626578475,0.053218280873774435,0.03634727285846423
RandomForest,3,0.4886357717005755,0.05269266600838381,0.037048693743651474
RandomForest,4,0.502816776682456,0.05145910389589752,0.03564773814926982
RandomForest,5,0.3926770624195929,0.05616764985022565,0.03772552786748138
XGBoost,1,0.48850766264176837,0.05102729977964261,0.03520945025260908
XGBoost,2,0.4601619559602491,0.05133249003055333,0.03485249153175292
XGBoost,3,0.461551846891466,0.05407007177804941,0.03687100752763798
XGBoost,4,0.510472260027902,0.05106139079637137,0.03489784465871621
XGBoost,5,0.3890905174281347,0.05633325471488033,0.037835188388112166
LightGBM,1,0.4844424405252078,0.05122967502207834,0.034974544144468316
LightGBM,2,0.46141090914736704,0.05127307498698261,0.035258330148117155
LightGBM,3,0.510102118579115,0.051574827127171555,0.035445184068452346
LightGBM,4,0.5095417516247114,0.05110989723658499,0.035372119508836085
LightGBM,5,0.40633029731399883,0.055532708197555125,0.038084215731734414
